{
  "里名": [
    "戶數",
    "薪資所得(千元)",
    "平均就業人口的每月薪資"
  ],
  "頂寮里": [
    1717.0,
    713980.0,
    23734.585384404676
  ],
  "下寮里": [
    798.0,
    371908.0,
    26601.03454984493
  ],
  "中正里": [
    1612.0,
    805137.0,
    28508.255719093104
  ],
  "中和里": [
    212.0,
    107338.0,
    28899.04798828293
  ],
  "文化里": [
    492.0,
    238251.0,
    27639.8401826484
  ],
  "安仁里": [
    324.0,
    131530.0,
    23171.049664580867
  ],
  "草湳里": [
    2434.0,
    1203149.0,
    28214.004982684422
  ],
  "南簡里": [
    2074.0,
    1165897.0,
    32086.12942145194
  ],
  "福德里": [
    1930.0,
    967767.0,
    28620.643764639077
  ],
  "大庄里": [
    2890.0,
    1679977.0,
    33179.618745161235
  ],
  "大村里": [
    2150.0,
    1284026.0,
    34087.97918657747
  ],
  "永寧里": [
    749.0,
    429909.0,
    32761.261590796865
  ],
  "永安里": [
    819.0,
    435172.0,
    30327.941971777585
  ],
  "興農里": [
    811.0,
    496075.0,
    34913.41936500966
  ]
}